{
  "data" : [
    {
      "id" : "function-getForecast",
      "type" : "function",
      "name" : "getForecast"
    },
    {
      "id" : "template-In which location would you like to know the weather?",
      "type" : "template",
      "template" : "In which location would you like to know the weather?",
      "requirements" : [
        {
          "name" : "missingLocation",
          "negative" : false
        }
      ]
    },
    {
      "id" : "template-The weather for {when} in {location} will be: {forecast}",
      "type" : "template",
      "template" : "The weather for {when} in {location} will be: {forecast}",
      "requirements" : [
        {
          "name" : "forecast",
          "negative" : false
        },
        {
          "name" : "location",
          "negative" : false
        },
        {
          "name" : "when",
          "negative" : false
        }
      ]
    },
    {
      "id" : "template-The weather in {location} will be {forecast}",
      "type" : "template",
      "template" : "The weather in {location} will be {forecast}",
      "requirements" : [
        {
          "name" : "forecast",
          "negative" : false
        },
        {
          "name" : "location",
          "negative" : false
        }
      ]
    },
    {
      "id" : "template-The weather in {location} will be{forecast}",
      "type" : "template",
      "template" : "The weather in {location} will be{forecast}",
      "requirements" : [
        {
          "name" : "forecast",
          "negative" : false
        },
        {
          "name" : "location",
          "negative" : false
        }
      ]
    },
    {
      "id" : "template-When will that be?",
      "type" : "template",
      "template" : "When will that be?"
    },
    {
      "id" : "template-{missingLocation} In which location would you like to know the weather?",
      "type" : "template",
      "template" : "{missingLocation} In which location would you like to know the weather?",
      "requirements" : [
        {
          "name" : "missingLocation",
          "negative" : false
        }
      ]
    }
  ]
}