{
  "data" : [
    {
      "id" : "function-getForecast",
      "type" : "function",
      "name" : "getForecast"
    },
    {
      "id" : "template-In which location would you like to know the weather?",
      "type" : "template",
      "template" : "In which location would you like to know the weather?",
      "requirements" : [
        {
          "name" : "location",
          "negative" : true
        }
      ]
    },
    {
      "id" : "template-The weather in {location} will be {forecast} in {date}",
      "type" : "template",
      "template" : "The weather in {location} will be {forecast} in {date}",
      "requirements" : [
        {
          "name" : "date",
          "negative" : false
        },
        {
          "name" : "forecast",
          "negative" : false
        },
        {
          "name" : "location",
          "negative" : false
        }
      ]
    },
    {
      "id" : "template-What would be the date?",
      "type" : "template",
      "template" : "What would be the date?",
      "requirements" : [
        {
          "name" : "date",
          "negative" : true
        }
      ]
    }
  ]
}