{
  "data" : [
    {
      "text" : "How cold will it be tomorrow?",
      "entities" : [
        {
          "entity" : "intent",
          "value" : "\"forecast\""
        },
        {
          "entity" : "datetime",
          "value" : "\"2017-04-26T00:00:00.000+03:00\"",
          "start" : 20,
          "end" : 28
        }
      ]
    },
    {
      "text" : "I want to know the weather",
      "entities" : [
        {
          "entity" : "intent",
          "value" : "\"forecast\""
        }
      ]
    },
    {
      "text" : "I want to know the weather in Sahara in 10 minutes.",
      "entities" : [
        {
          "entity" : "intent",
          "value" : "\"forecast\""
        },
        {
          "entity" : "location",
          "value" : "\"Sahara\"",
          "start" : 30,
          "end" : 36
        },
        {
          "entity" : "datetime",
          "value" : "\"2017-04-25T19:07:48.000+03:00\"",
          "start" : 37,
          "end" : 50
        }
      ]
    },
    {
      "text" : "In Athens",
      "entities" : [
        {
          "entity" : "intent",
          "value" : "\"forecast\""
        },
        {
          "entity" : "location",
          "value" : "\"Athens\"",
          "start" : 3,
          "end" : 9
        }
      ]
    },
    {
      "text" : "In athens",
      "entities" : [
        {
          "entity" : "intent",
          "value" : "\"forecast\""
        },
        {
          "entity" : "location",
          "value" : "\"athens\"",
          "start" : 3,
          "end" : 9
        }
      ]
    },
    {
      "text" : "In three hours",
      "entities" : [
        {
          "entity" : "intent",
          "value" : "\"forecast\""
        },
        {
          "entity" : "datetime",
          "value" : "\"2017-05-02T03:20:00.000+03:00\"",
          "start" : 0,
          "end" : 14
        }
      ]
    },
    {
      "text" : "In three minuts",
      "entities" : [
        {
          "entity" : "intent",
          "value" : "\"forecast\""
        },
        {
          "entity" : "datetime",
          "value" : "\"2017-05-02T00:23:26.000+03:00\"",
          "start" : 0,
          "end" : 8
        }
      ]
    },
    {
      "text" : "Tomorrow morning",
      "entities" : [
        {
          "entity" : "intent",
          "value" : "\"forecast\""
        },
        {
          "entity" : "datetime",
          "value" : "{:values [{:to {:value \"2017-04-26T12:00:00.000+03:00\", :grain \"hour\"}, :from {:value \"2017-04-26T04:00:00.000+03:00\", :grain \"hour\"}, :type \"interval\"}], :to \"2017-04-26T12:00:00.000+03:00\", :from \"2017-04-26T04:00:00.000+03:00\", :type \"interval\"}",
          "start" : 0,
          "end" : 16
        }
      ]
    },
    {
      "text" : "What is the weather in Sahara Desert?",
      "entities" : [
        {
          "entity" : "intent",
          "value" : "\"forecast\""
        },
        {
          "entity" : "location",
          "value" : "\"Sahara Desert\"",
          "start" : 23,
          "end" : 36
        }
      ]
    },
    {
      "text" : "Will it be cold in the morning here?",
      "entities" : [
        {
          "entity" : "intent",
          "value" : "\"forecast\""
        },
        {
          "entity" : "datetime",
          "value" : "{:values [{:to {:value \"2017-04-25T12:00:00.000+03:00\", :grain \"hour\"}, :from {:value \"2017-04-25T04:00:00.000+03:00\", :grain \"hour\"}, :type \"interval\"} {:to {:value \"2017-04-26T12:00:00.000+03:00\", :grain \"hour\"}, :from {:value \"2017-04-26T04:00:00.000+03:00\", :grain \"hour\"}, :type \"interval\"} {:to {:value \"2017-04-27T12:00:00.000+03:00\", :grain \"hour\"}, :from {:value \"2017-04-27T04:00:00.000+03:00\", :grain \"hour\"}, :type \"interval\"}], :to \"2017-04-25T12:00:00.000+03:00\", :from \"2017-04-25T04:00:00.000+03:00\", :type \"interval\"}",
          "start" : 16,
          "end" : 30
        },
        {
          "entity" : "location",
          "value" : "\"here\"",
          "start" : 31,
          "end" : 35
        }
      ]
    },
    {
      "text" : "in two hours",
      "entities" : [
        {
          "entity" : "intent",
          "value" : "\"forecast\""
        },
        {
          "entity" : "datetime",
          "value" : "\"2017-05-02T02:20:00.000+03:00\"",
          "start" : 0,
          "end" : 12
        }
      ]
    },
    {
      "text" : "now",
      "entities" : [
        {
          "entity" : "intent",
          "value" : "\"forecast\""
        },
        {
          "entity" : "datetime",
          "value" : "\"2017-04-25T18:57:48.000+03:00\"",
          "start" : 0,
          "end" : 3
        }
      ]
    }
  ]
}