{
  "data" : [
    {
      "name" : "",
      "turns" : [
        {
          "user" : "What is the weather in Athens in two days?",
          "entities" : [
            {
              "entity" : "intent",
              "value" : "\"forecast\""
            },
            {
              "entity" : "location",
              "value" : "\"Athens\"",
              "start" : 23,
              "end" : 29
            },
            {
              "entity" : "datetime",
              "value" : "\"2017-04-26T23:00:00.000+03:00\"",
              "start" : 30,
              "end" : 41
            }
          ],
          "operations" : [
            {
              "bookmark" : "getInfo"
            },
            {
              "action" : "function-getForecast"
            },
            {
              "branches" : [
                {
                  "predicates" : [
                    {
                      "name" : "forecast",
                      "negative" : false
                    }
                  ],
                  "operations" : [
                    {
                      "action" : "template-The weather in {location} will be {forecast} in {date}"
                    }
                  ]
                },
                {
                  "predicates" : [
                    {
                      "name" : "missingLocation",
                      "negative" : false
                    }
                  ],
                  "operations" : [
                    {
                      "action" : "template-In which location would you like to know the weather?"
                    }
                  ],
                  "turns" : [
                    {
                      "user" : "In Rome.",
                      "entities" : [
                        {
                          "entity" : "intent",
                          "value" : "\"forecast\""
                        },
                        {
                          "entity" : "location",
                          "value" : "\"Rome\"",
                          "start" : 3,
                          "end" : 7
                        }
                      ],
                      "operations" : [
                        {
                          "jump" : "getInfo"
                        }
                      ]
                    }
                  ]
                },
                {
                  "predicates" : [
                    {
                      "name" : "missingDate",
                      "negative" : false
                    }
                  ],
                  "operations" : [
                    {
                      "action" : "template-What would be the date?"
                    }
                  ],
                  "turns" : [
                    {
                      "user" : "Tomorrow at 3 AM",
                      "entities" : [
                        {
                          "entity" : "intent",
                          "value" : "\"forecast\""
                        },
                        {
                          "entity" : "datetime",
                          "value" : "\"2017-04-26T03:00:00.000+03:00\"",
                          "start" : 0,
                          "end" : 16
                        }
                      ],
                      "operations" : [
                        {
                          "jump" : "getInfo"
                        }
                      ]
                    }
                  ]
                }
              ]
            }
          ]
        }
      ]
    }
  ]
}